名称,图片,系列,出荷时间,游览人数,定价,比例,评分,参考价格,现价
MG 机动战士高达 逆袭的夏亚 MSN-04 沙扎比 Ver.Ka,https://r.hpoi.net/gk/cover/n/2019/01/f6b292f9f8384040b587695d4edd95e3.jpg?date=1688199376,MG,2018,15949,9720,1/100,4.82,583.2,770.74
MG 机动战士高达 逆袭的夏亚 RX-93 ν高达 Ver.Ka,https://r.hpoi.net/gk/cover/n/2019/01/37f102da6f01467c90ff502e5584487f.jpg?date=1588064486,MG,2018,15296,7000,1/100,4.72,420,589.58
PG 机动战士高达SEED DESTINY  强袭自由高达,https://r.hpoi.net/gk/cover/n/2020/05/90536bd763294a06bc2fe7a3a3662d99.jpg?date=1589791470,PG,2019,14390,25000,1/60,4.64,1500,1869.25
MG 机动战士高达SEED 1/100 ZGMF-X10A 自由高达 Ver.2.0,https://r.hpoi.net/gk/cover/n/2020/12/96e10a807fb7413cafc023f0aa694cbe.jpg?date=1607593509,MG,2016,14220,4500,1/100,4.54,270,302.28
RG 1/144 机动战士高达SEED DESTINY ZGMF-X20A 强袭自由高达,https://r.hpoi.net/gk/cover/n/2020/12/e675ab18748d4437bffe136131aa0735.jpg?date=1607594804,RG,2015,12745,3000,1/144,4.21,180,178
Figure-riseLABO 高达创战者TRY 星野文奈,https://r.hpoi.net/gk/cover/n/2019/08/dccfda5bdaa043cd8ae7432fb217b2d4.jpeg?date=1607586844,FRL,2018,12607,5500,1/100,4.06,330,448.26
GUNDAM FIX FIGURATION METAL COMPOSITE 独角兽高达3号机菲尼克斯 『高达UC』,https://r.hpoi.net/gk/cover/n/2019/03/1832276abedc449c8cbd7f84fe14018f.jpg?date=1552014716,FIX,2016,11230,23760,1/100,4.79,1425.6,1899.85
RG 机动战士高达 逆袭的夏亚 沙扎比,https://r.hpoi.net/gk/cover/n/2023/02/667112d4dda6492a8b4d07e355067d2a.jpg?date=1677029286,RG,2019,10449,4500,1/144,4.81,270,440.77
HGUC 机动战士高达0083 星尘的回忆  GP03 石斛兰,https://r.hpoi.net/gk/cover/n/2023/06/9a5bda0e8067408992e79ecda958f737.jpg?date=1687311901,HG,2023,10393,30800,1/144,4.68,1848,2509.15
RG#19 机动战士高达SEED ASTRAY MBF-P02 红色异端高达,https://r.hpoi.net/gk/cover/n/2016/03/d8b96eb773af4278b6742e31c86bc2d2.jpg?date=1619683587,RG,2015,10234,2500,1/100,4.05,150,210.64
MG 机动战士高达SEED DESTINY ASTRAY R  异端高达红色机 红龙形态,https://r.hpoi.net/gk/cover/n/2018/12/fd84090ab3794c09ae123923c20bfc7c.jpeg?date=1694482055,MG,2023,10089,7700,1/100,4.48,462,492.38
MG 机动战士高达：逆袭的夏亚-贝托蒂嘉的子嗣 高达 Ver.Ka,https://r.hpoi.net/gk/cover/n/2016/06/22fbaf1c52b849c08d5f8cccbe62cd25.jpg?date=1607915780,MG,2014,9147,7000,1/100,4.47,420,430.91
MG 机动战士高达 雷霆宙域战线  全装甲型高达 Ka版,https://r.hpoi.net/gk/cover/n/2021/04/af820347585e4a3ebf57bae70753fab9.jpg?date=1677468946,MG,2016,9104,7560,1/100,4.49,453.6,332.61
GUNDAM FIX FIGURATION METAL COMPOSITE 机动战士高达UC 独角兽高达（毁灭模式） 觉醒样式,https://r.hpoi.net/gk/cover/n/2015/07/86ba362579734c318ef10a18d5657952.jpg?date=1608793133,FIX,2014,8879,21600,1/100,4.39,1296,883.44
HGGTO 1/144 机动战士高达 THE ORIGIN  RX-78-01[N] 局地型高达,https://r.hpoi.net/gk/cover/n/2016/07/d2dcdd225033401a9d022e1f8c18df24.jpg?date=1590398521,HG,2016,8786,2000,1/100,4.33,120,173.48
PG 1/60 机动战士高达00 -0000+GNR-010 00强化模组GN-0000 00高达,https://r.hpoi.net/gk/cover/n/2015/07/67ad03cf6827418f980cb274c9a9c617.jpg?date=1589788939,PG,2015,8100,25000,1/60,4.58,1500,2437.15
RG  机动战士高达SEED ASTRAY 天空的皇女 异端高达金色机天 哈娜,https://r.hpoi.net/gk/cover/n/2022/01/e4e51431f8fd468cb2beca8a34ecd1eb.png?date=1643169323,RG,2022,8005,3300,1/144,4.05,198,245.83
MG 机动战士高达 SEED Destiny ZGMF-X19A 无限正义高达,https://r.hpoi.net/gk/cover/n/2015/08/0d0d250f96024a38bdf4a12e3324b0af.jpg?date=1625543972,MG,2008,7597,5000,1/100,4.47,300,257.09
MG 机动战士高达00  能天使高达,https://r.hpoi.net/gk/cover/n/2023/03/a527006aa50b4b2a8326f3aba578225d.jpg?date=1678177665,MG,2018,7558,4104,1/100,4.22,246.24,274.75
HG 1/144 机动战士高达SEED C.E. 73 观星者 GAT-X103AP 翠绿暴风高达,https://r.hpoi.net/gk/cover/n/2015/08/995225d4f0854c12a2909f1524036463.jpg?date=1590134150,MG,2015,7361,1680,1/144,4.25,100.8,148.94
HGCE 机动战士高达SEED Destiny ZGMF-X42S 命运高达,https://r.hpoi.net/gk/cover/n/2021/04/9c365f1d000d49d7bf488cba84df1791.jpg?date=1619684196,HG,2019,7300,2200,1/100,4.69,132,185.73
MG 1/100 机动战士高达SEED DESTINY ASTRAY BMBF-P03D 异端高达蓝色机D型,https://r.hpoi.net/gk/cover/n/2015/07/7ed5d71d57eb435e9f18c3b3184e377b.jpg?date=1587461617,MG,2014,7126,6000,1/100,4.42,360,445.2
NXEDGE STYLE [MS UNIT] 机动战士高达SEED ASTRAY 红异端,https://r.hpoi.net/gk/cover/n/2021/03/3e8e9f52d7734ce7a62a3d7e9fc1c422.jpg?date=1615518131,其他,2015,6911,2500,1/100,4.43,150,123.94
超时空要塞7 1/144 VF-19改,https://r.hpoi.net/gk/cover/n/2015/08/b5937b66ee89410e8b0d6878377a682b.jpg?date=1439499208,其他,2013,6870,972,1/144,4,58.32,63.97
机动战舰抚子号 1/48  艾斯特巴利斯,https://r.hpoi.net/gk/cover/n/2015/08/eb7af921ebb04636bff68ef2b090890d.jpg?date=1439497591,其他,2013,6793,0,1/48,4.5,212,313
PG 机动战士高达00 GN-001能天使高达,https://r.hpoi.net/gk/cover/n/2019/08/3f9df4442cd84ff6b75d99683f958725.jpg?date=1589791167,PG,2017,6756,18000,1/100,4.74,1080,1395.65
PG 1/60 机动战士高达UC RX-0[N] 独角兽高达2号机 报丧女妖·命运女神,https://r.hpoi.net/gk/cover/n/2019/08/6e3c12ecb3a84604bbfbeae903a98909.jpg?date=1589795112,PG,2015,6654,22000,1/100,4.52,1320,1761.1
MG  机动战士高达 RX-78-2  高达 3.0版本,https://r.hpoi.net/gk/cover/n/2016/01/32738c0336c84223b5e3df9d7729e00e.jpg?date=1639037869,MG,2013,6610,4500,1/100,4.39,270,433.29
MG 1/100 机动战士高达0080 口袋里的战争 MS-18E 京宝梵,https://r.hpoi.net/gk/cover/n/2015/07/1c2438b0b7df43f19df91b040fa53542.jpg?date=1586937641,MG,2001,6489,4000,1/100,4.1,240,344.63
PG EVA 新世纪福音战士初号机 ,https://r.hpoi.net/gk/cover/n/2019/08/64338ed1603d44a08c959fcba211ef71.jpg?date=1565931324,PG,2015,6486,10000,1/60,3.89,600,952.18
RG  机动战士Z高达? RX-178 高达Mk-II(奥古样式) 敢达Mk-II(幽谷样式),https://r.hpoi.net/gk/cover/n/2021/04/9166211efd034c1a83c91f0fe9f56ac2.jpg?date=1676951547,RG,2012,6347,2500,1/100,4.6,150,146.37
MG 新机动战记高达W 无尽的华尔兹 地狱死神高达,https://r.hpoi.net/gk/cover/n/2021/03/42455648a80546dc9ce8e0ebe20d7db0.jpg?date=1675837641,MG,2021,6344,4500,1/100,4.03,270,186.94
MG 机动战士高达SEED DESTINY 高清重制版 嫣红强袭高达 大鹫装备,https://r.hpoi.net/gk/cover/n/2015/08/69ac1d078c344586b2b295b7dbf23bfa.jpg?date=1670394318,MG,2023,6334,4620,1/100,4.58,277.2,302.83
MG  机动战士高达 Ka版,https://r.hpoi.net/gk/cover/n/2020/04/2e226be283ea4791a9d595b727006cce.jpg?date=1693983112,MG,2017,6314,6000,1/100,4.59,360,458.84
RG 1/144 新机动战记高达W 无尽的华尔兹 XXXG-00W0 飞翼高达零式 EW,https://r.hpoi.net/gk/cover/n/2020/05/5efe473ad3aa4611872a4ecc5a8c7a15.jpg?date=1589188512,RG,2014,6058,2500,1/100,4.31,150,133.41
HG 环太平洋：雷霆再起 复仇流浪者（最终决战式样）,https://r.hpoi.net/gk/cover/n/2019/01/b7aa4f8aa8ba415ca8311805de2d9833.jpeg?date=1551273358,HG,2019,6044,3000,1/100,4.69,180,123.87
HG00#62 1/144 机动战士高达00F GNY-001F  正义女神高达F型,https://r.hpoi.net/gk/cover/n/2021/01/c12d0af0adb24f1e9c9874dc5f752d66.jpg?date=1609743844,HG,2015,6024,1800,1/144,4.05,108,90.85
RG 1/144 机动战士高达00GN-0000 00高达+GNR-010 00强化模组,https://r.hpoi.net/gk/cover/n/2015/07/3ca97e10576c45e4acedbb5717313e13.jpg?date=1589188485,RG,2015,5966,3000,1/100,4.32,180,297.68
MG 1/100 机动战士高达UC,https://r.hpoi.net/gk/cover/n/2015/07/eacd693e7dcc440980659848cb4ba0ee.jpg?date=1587450564,MG,2013,5962,6500,1/100,4.48,390,451.57
RG #21 剧场版 机动战士高达00：先驱者的觉醒   GNT-0000 量子型00高达,https://r.hpoi.net/gk/cover/n/2021/04/32e1cc1bfc3f46ac84053f041d8733d3.jpg?date=1619685622,RG,2016,5918,2500,1/100,4.11,150,155.37
高达 铁血的奥尔芬斯 1/100 ASW-G-08 巴巴托斯高达 第四形态,https://r.hpoi.net/gk/cover/n/2016/01/2d0ca05ee27d4f338349fc0c8754e3bc.jpg?date=1605516691,TV,2016,5898,17280,1/100,4.17,1036.8,1620.17
MG WD-M01  逆A高达 倒A敢达,https://r.hpoi.net/gk/cover/n/2023/02/d779c937569a4a5cbfec5f09900e0a29.jpg?date=1675827597,MG,2007,5886,4104,1/100,4.57,246.24,214.66
RG 机动战士高达独角兽(UC) RX-0 独角兽高达,https://r.hpoi.net/gk/cover/n/2021/04/46a313e6440242a581b85ace186a7107.jpg?date=1619678110,RG,2017,5853,3800,1/100,4.47,228,192.4
RG 机动战士高达UC 高达基地限定 独角兽2号机 报丧女妖命运女神（毁灭模式）（发光版）,https://r.hpoi.net/gk/cover/n/2019/03/5e5a7fcaf7b341afb80f81ff78afe6a7.jpg?date=1577173243,RG,2020,5852,10500,1/100,4.67,630,603.77
MG 1/100 机动战士高达UC RX-0 独角兽高达3号机 菲尼克斯,https://r.hpoi.net/gk/cover/n/2015/08/fa6d101d04ed4edaae309981ccd95c82.jpg?date=1587458169,MG,2015,5768,12000,1/100,4.37,720,903.22
MG 机动战士高达UC  RX-0 独角兽高达 OVA Ver.,https://r.hpoi.net/gk/cover/n/2020/04/12912a1578de4d948d9200b06d729bf9.jpg?date=1587106212,MG,2010,5730,5000,1/100,3.94,300,376.01
MG 高达前哨战 FA-010A 先行量产型全装甲ZZ Ver. Ka,https://r.hpoi.net/gk/cover/n/2020/12/1c4b32d202b147ecbb2b8a31768d84a2.jpeg?date=1607486068,MG,2020,5720,11000,1/100,4.48,660,688.75
HIRM   机动战士高达SEED ASTRAY 异端高达红色机,https://r.hpoi.net/gk/cover/n/2019/03/ff1748432a50462488cb2ee33f777b9b.jpg?date=1645588042,HIRM,2018,5715,13000,1/100,4.69,780,988.7
MG 新机动战记高达Ｗ 无尽的华尔兹 次代高达 艾比安高达,https://r.hpoi.net/gk/cover/n/2023/04/750484865dda4178872249e2870530ee.jpg?date=1681808753,HIRM,2011,5713,4800,1/100,4.32,288,249.11
MG 1/100 独角兽高达 Ver.Ka,https://r.hpoi.net/gk/cover/n/2015/07/8af0b97b69724690bcb2df8d5e91df95.jpg?date=1436340973,MG,2008,5676,5400,1/100,3.96,324,363.19
MG 1/100 新机动战记高达W 无尽的华尔兹 XXXG-01D 死神高达 EW ver.,https://r.hpoi.net/gk/cover/n/2015/07/dde8d4e5037441ae98ccd77aca4550bf.jpg?date=1587104961,MG,2010,5666,3800,1/100,4.12,228,353.05
PG #15 机动战士高达UC RX-0独角兽高达,https://r.hpoi.net/gk/cover/n/2019/08/9852a6979804473fb5fbf927e778910f.jpg?date=1565934380,PG,2015,5666,20000,1/100,4.72,1200,815.12
HGUC  ADVANCE OF Z 提坦斯的旗下 RX-124 TR-6高达［伍德沃特］,https://r.hpoi.net/gk/cover/n/2019/02/8d19789ad68a4fd3b8a08e6b4909c2ce.jpg?date=1620810253,HG,2021,5585,1980,1/100,4.63,118.8,125.46
MG  机动战士高达 雷霆宙域战线 高机动型渣古“精神感应渣古”  决战时刻,https://r.hpoi.net/gk/cover/n/2023/02/23ddd3e3df13463b94fb477ab39e474d.jpg?date=1677467317,MG,2023,5543,9350,1/100,4.23,561,922.21
MG 1/100 机动战士高达SEED VS ASTRAY  MBF-P02KAI 异端高达红色机改,https://r.hpoi.net/gk/cover/n/2015/07/b67ce7281b624ac19bcf0a636524eb66.jpg?date=1587028342,MG,2015,5524,5000,1/100,4.51,300,329.84
机娘计划 MS少女 高达前哨战 MSA-0011 S-高达,https://r.hpoi.net/gk/cover/n/2017/02/8f6028bd184e4ae3a2629e5f3db3549c.jpg?date=1596592817,其他,2017,5494,11000,1/100,4.59,660,656.22
HG 1/144 机动战士高达 铁血的奥尔芬斯 ASW-G-08 巴巴托斯高达,https://r.hpoi.net/gk/cover/n/2020/11/b8393c1f92134bb2aba891ea06fb3f2d.jpg?date=1606190201,HG,2015,5483,1080,1/144,3.94,64.8,53.93
"HGM 机动战士高达0083：星尘的回忆	RX-78GP03 高达试作3号机“石斛兰”",https://r.hpoi.net/gk/cover/n/2021/04/8a99f57c67dc45929863f0b2d027163b.jpg?date=1617342699,MG,2021,5466,1500,1/100,4.32,90,149.88
RG 机动战士高达独角兽(UC) RX-0 全武装型独角兽高达,https://r.hpoi.net/gk/cover/n/2018/12/8f2b8025f17d4ae39220a87f3ab3e1da.jpg?date=1619676539,MG,2018,5448,5400,1/100,4.58,324,419.89
HG 机动战士高达 铁血的奥尔芬斯 ASW-G-66 锡蒙利高达,https://r.hpoi.net/gk/cover/n/2016/01/35dbe945382643fc955936424d6aad8f.jpg?date=1606120207,HG,2016,5444,1296,1/144,4.5,77.76,114.98
HGGT 1/144 机动战士高达 雷霆宙域 RGM-79 吉姆 雷霆宙域,https://r.hpoi.net/gk/cover/n/2016/02/37318d44fd754509b008aefd30ea518a.jpg?date=1590134478,HG,2013,5429,1944,1/100,4.4,116.64,101.26
NXEDGE STYLE [MS UNIT] 飞翼高达零,https://r.hpoi.net/gk/cover/n/2015/07/a2c89dbb6c7e459b91889bdcd8e02212.jpg?date=1436193761,NS,2015,5426,2700,1/100,4.45,162,224.9
HG 机动武斗传G高达   诺贝尔高达（狂战士模式）,https://r.hpoi.net/gk/cover/n/2022/08/add540181567463fbe50464771dcaa74.png?date=1659602957,HG,2022,5395,1650,1/144,4.71,99,87.24
BB,https://r.hpoi.net/gk/cover/n/2015/07/ac2293da846f452ea94c7f74f365c731.jpg?date=1436244450,SD,1992,5371,2808,1/100,5,168.48,118.1
HGGT 机动战士高达 雷霆宙域 MS-05B  扎古Ｉ“旧扎古”雷霆宙域,https://r.hpoi.net/gk/cover/n/2015/08/0e4774617aab425ca38280a70cfe1cfe.jpg?date=1590134340,HG,2015,5330,1800,1/144,4.29,108,115.42
MG 机动战士高达 逆袭的夏亚 MSN-04 沙扎比 Ver.Ka［特殊涂层版］,https://r.hpoi.net/gk/cover/n/2019/01/213326ac4d004f7e945890bef4d96da1.jpg?date=1588834520,MG,2018,5313,18000,1/100,4.61,1080,1531.73
MG 1/100 机动战士高达00 先驱者的觉醒 GNT-0000 00 Qan[T] （00量子型） ,https://r.hpoi.net/gk/cover/n/2015/07/f6ffa09f60f9472fb1b42cedadaf28b0.jpg?date=1587106713,其他,2010,5291,4500,1/100,4.24,270,295.1
Figure-rise Standard 龙珠超 布罗利 超级赛亚人布罗利全功率,https://r.hpoi.net/gk/cover/n/2019/01/417338afa0984d9db0a4bef03cba909f.jpg?date=1621908672,RG,2019,5262,4800,1/100,3.6,288,239.72
MG  机动战士高达00V   量子型00高达 全刃式,https://r.hpoi.net/gk/cover/n/2020/05/191ea0758c034ac097f29ed8112e7ba8.jpg?date=1679553209,HG,2018,5260,5500,1/100,4.61,330,429.62
MG 1/100 机动战士高达SEED  GAT-X105 翔翼型强袭高达,https://r.hpoi.net/gk/cover/n/2015/07/ec768fc71e264502ab073c79b116b192.jpg?date=1657615423,SD,2008,5201,4104,1/100,4.25,246.24,405.84
HG 机动战士高达SEED DESTINY ASTRAY B   异端高达蓝色机二型L,https://r.hpoi.net/gk/cover/n/2023/07/d08f995bace848b0a7908938ddaf118f.jpg?date=1689733925,MG,2015,5180,1836,1/144,3.92,110.16,143.98
MG  机动战士Z高达 力克·戴亚斯（克瓦特罗专用）,https://r.hpoi.net/gk/cover/n/2023/01/7a16e5a465cb4a0fa01aa3f6fbd2ea7c.jpg?date=1672977385,MG,2004,5165,3600,1/100,4.18,216,327.92
MG 1/100 机动战士高达 THE ORIGIN RX-78-2 高达,https://r.hpoi.net/gk/cover/n/2020/04/d31b6a56d5844ee187a2c899d734c9b2.jpeg?date=1587967067,MG,2015,5145,4500,1/100,4.51,270,379.15
1/100高达SEED DESTINY系列 机动战士高达SEED DESTINY ZGMF-X23S 救世主高达,https://r.hpoi.net/gk/cover/n/2015/07/6d281aecfa7f4850b6c7fa59cab2310a.jpg?date=1594953138,MG,2006,5142,2730,1/100,4,163.8,224.43
PG 机动战士高达SEED GAT-X105 强袭高达,https://r.hpoi.net/gk/cover/n/2015/07/9289c3dfde024bb4b1977d6b328d55eb.jpg?date=1668496484,RG,2015,5142,14000,1/60,4.78,840,710.28
HG 1/144 机动战士高达 铁血的奥尔芬斯第二季 ASW-G-08 巴巴托斯高达 天狼座,https://r.hpoi.net/gk/cover/n/2020/11/4e6d696c7108422f9dcbf1d1a1d27578.jpg?date=1606122292,RG,2016,5109,1296,1/100,3.92,77.76,86.65
"ＭＧ 1/100 机动战士高达00V战记 	GNT-0000/FS 量子型00全刃式［特别涂装版］",https://r.hpoi.net/gk/cover/n/2019/03/8a2d303dd92d43a5875991193274baf8.jpg?date=1588930032,PG,2019,5080,11000,1/100,4.81,660,588.63
HGBF 高达创战者TRY  R强人,https://r.hpoi.net/gk/cover/n/2016/02/967c5f7cd20d4239aebcd249631ce853.jpg?date=1688525652,HG,2023,5035,1980,1/100,3.75,118.8,115.28
MG 机动战士Z高达 百式 2.0版本,https://r.hpoi.net/gk/cover/n/2020/04/ad2791a1124b4a3fb0586ef40eac6c7c.jpg?date=1639033443,MG,2015,5033,6800,1/100,4.67,408,611.7
MG  机动战士高达SEED DESTINY   巨剑型脉冲高达,https://r.hpoi.net/gk/cover/n/2022/12/e8388e4204ea45c081a766781d19023a.jpg?date=1669952726,SD,2023,5015,4950,1/100,4.5,297,422.86
HG00#64 1/144 机动战士高达00V战记 GN-001/hs-A01D 雪崩型能天使高达(突进装备),https://r.hpoi.net/gk/cover/n/2021/01/6d54df9e986848f8b80967f3f40bd82e.jpg?date=1609748423,HG,2015,5015,2160,1/144,4.32,129.6,93
RG 机动战士高达独角兽(UC) RX-0[N] 独角兽高达2号机 报丧女妖?命运女神,https://r.hpoi.net/gk/cover/n/2021/04/cd235bf2ad734550839d3b8f1718760d.jpg?date=1619675797,MG,2018,5005,4000,1/144,4.4,240,312.66
MG  新机动战记高达W 无尽的华尔兹 艾比安高达 [交叉对比色/ 透明白],https://r.hpoi.net/gk/cover/n/2023/05/5f83ffb570dc41fbaac12bad36ee38e6.png?date=1684725741,MG,2023,4993,4200,1/100,3.86,252,183.3
HGIBO 机动战士高达 铁血的奥尔芬斯  ASW-G-11 古辛高达,https://r.hpoi.net/gk/cover/n/2020/11/ff81a999a6ba4b24822112d06fe50d46.jpg?date=1605864961,FRL,2015,4983,1296,1/100,4.78,77.76,72.7
LMHG EVA二号机 破Ver.,https://r.hpoi.net/gk/cover/n/2015/08/afb28a4f8df24ead851b12303a0977c5.jpg?date=1439502936,HG,2015,4966,5184,1/100,4.4,311.04,482.26
RG 机动战士高达UC RX-0 独角兽高达（毁灭模式） Ver.TWC（发光版）,https://r.hpoi.net/gk/cover/n/2019/02/742ddd4a6d8d466296faa5c8e6aa9d96.jpg?date=1589266705,RG,2019,4964,10000,1/100,4,600,893.98
HG 机动战士高达 铁血的奥尔芬斯 月钢 ASW-G-29 亚斯塔禄高达,https://r.hpoi.net/gk/cover/n/2020/11/e2e07f1585174fe5b224374f10567c9f.jpg?date=1606126018,RG,2016,4958,1080,1/144,3.93,64.8,54.22
SD 三国创杰传 SD高达世界 三国创杰传 曹操飞翼高达,https://r.hpoi.net/gk/cover/n/2021/01/884c6590779849baa231b6be4445507a.jpg?date=1609835509,MG,2021,4958,800,1/100,4.33,48,52.67
MG 1/100 新机动战记高达W 无尽的华尔兹 XXXG-01SRC 沙漠高达改(无尽的华尔兹),https://r.hpoi.net/gk/cover/n/2018/04/825247a651de4848b3324927ee13acf6.jpg?date=1608865325,SD,2021,4928,4800,1/100,4.27,288,434.24
MG 1/100 机动战士高达UC MSN-001A1 德尔塔Plus,https://r.hpoi.net/gk/cover/n/2019/07/61ffc2442c474df3b3a24ea438a446b3.jpeg?date=1587111433,MG,2011,4919,4500,1/100,4.48,270,399.29
MG 机动战士高达SEED GAT-X103 暴风高达,https://r.hpoi.net/gk/cover/n/2016/06/bb6a5b35e8e2443ca66b49218e8bbd57.jpg?date=1602728731,NS,2012,4916,4200,1/100,4.33,252,299.32
RG #15  机动战士高达00 GN-001 能天使高达,https://r.hpoi.net/gk/cover/n/2021/04/a410a856cd4246dbba60de9c7b515f9d.jpg?date=1619685302,MG,2015,4896,2500,1/144,4.06,150,148.48
MG  机动战士高达 雷霆宙域战线 全装甲型高达 决战时刻,https://r.hpoi.net/gk/cover/n/2020/04/f886fc8a3df34bb8be160ee44adcb67a.jpg?date=1677468285,HG,2023,4885,7480,1/100,4.53,448.8,599.94
RG 1/144 机动战士高达UC  MSN-06S 新安州,https://r.hpoi.net/gk/cover/n/2020/05/d9c292746d5c4b10b952b865205b0390.jpg?date=1609838897,MG,2016,4840,3800,1/100,4.17,228,201.34
PG 1/60 机动战士高达SEED ASTRAY MBF-P02 异端高达红色机,https://r.hpoi.net/gk/cover/n/2015/07/15a4daeafc334fa4a57b4184ecdb991d.jpg?date=1589791054,HG,2015,4825,18000,1/60,4.75,1080,843.77
HG 1/144 机动战士高达 铁血的奥尔芬斯 EB-06／tc 格雷兹改,https://r.hpoi.net/gk/cover/n/2020/11/6c8c1c9fa6aa423dab7e1321445355ba.jpg?date=1605863981,RG,2015,4787,1080,1/100,4,64.8,81.66
MG 1/100 机动战士高达 RX-78-2 高达 Ver.2.0,https://r.hpoi.net/gk/cover/n/2015/08/1cc8642e08354273aa222ed2bd5dffcf.jpg?date=1587027631,HG,2015,4752,4200,1/100,4.61,252,380.79
BB,https://r.hpoi.net/gk/cover/n/2015/07/1cb936749e8649048091fa67c72137ab.jpg?date=1436247540,MG,2011,4738,2700,1/100,4.43,162,234.39
HGFC  机动武斗传G高达 尊者高达+风云再起,https://r.hpoi.net/gk/cover/n/2022/11/63701c7d92274e06a1e4ab798905bfb7.jpg?date=1669106004,NS,2019,4736,2600,1/144,4.3,156,148.23
MG 机动战士高达ZZ  强化型ZZ高达 Ka版,https://r.hpoi.net/gk/cover/n/2020/04/0c01331d471e448b92446c699ee18c4a.jpg?date=1652411139,MG,2022,4690,8800,1/100,4.16,528,830.53
MG  机动战士高达 雷霆宙域 高机动型渣古“精神感应渣古” Ka版,https://r.hpoi.net/gk/cover/n/2017/12/8158766215ab4cd68f8000a4afac7fcc.jpg?date=1677468831,MG,2018,4681,9000,1/100,4.64,540,626.33
HG00#69 1/144 剧场版 机动战士高达00：先驱者的觉醒 CB-002 疗天使高达,https://r.hpoi.net/gk/cover/n/2021/01/e529d6a695bc40d1b6175a5b99ad3a9e.jpg?date=1609751885,HG,2015,4665,2160,1/144,4.64,129.6,104.22
Figure-Rise Mechanics 龙珠 布玛 布玛的可变式No.19摩托,https://r.hpoi.net/gk/cover/n/2018/09/cdedd3710ded488a818cfff85a2e9de1.jpg?date=1548866611,FRL,2018,4665,4800,1/100,4.26,288,336.17
RG 1/144 新机动战记高达W 无尽的华尔兹 XXXG-01W 飞翼高达 EW Ver. Ka,https://r.hpoi.net/gk/cover/n/2016/01/4861efc86dc3412db5ee970943a95d78.jpg?date=1589188654,MG,2016,4652,2500,1/100,3.85,150,198.52
"RG  机动战士高达0083 星尘的回忆 	RX-78GP01 高达试作1号机玉兰",https://r.hpoi.net/gk/cover/n/2016/06/1ed7c63127b442f49ca2c63acf8ba776.jpg?date=1679383183,MG,2013,4645,2500,1/100,4.31,150,105.03
MG 1/100 RGM-79 吉姆 Ver.2.0,https://r.hpoi.net/gk/cover/n/2015/07/60ad204c0a3a49478b648323c513e8eb.jpg?date=1436342762,MG,2009,4644,3780,1/100,4.54,226.8,318.53
LMHG EVA量产机,https://r.hpoi.net/gk/cover/n/2015/08/e72100bcf7b044319458321012a16126.jpg?date=1439331614,SD,2015,4622,2700,1/100,3.62,162,120.3
MG 1/100 机动战士高达00 GN-0000 00高达 00斩击强化模组,https://r.hpoi.net/gk/cover/n/2015/07/e2c75dfdf0c44110a35f67b42065b1a6.jpg?date=1587110629,HG,2011,4587,6500,1/100,4.57,390,540.41
MG 1/100 独角兽高达 HD配色＋MS CAGE,https://r.hpoi.net/gk/cover/n/2015/08/5bd873b037e04338a4bd7215997c9bc1.jpg?date=1439778154,MG,2015,4584,8100,1/100,4.03,486,752.31
NXEDGE STYLE [MS UNIT] 量子型00 『剧场版 高达OO -A wakening of the Trailblazer-』,https://r.hpoi.net/gk/cover/n/2015/08/8d98df7691d646e79236b8c3db7f7c14.jpg?date=1438620955,HG,2015,4582,3240,1/100,4.59,194.4,228.2
HG 机动战士高达SEED 禁断高达,https://r.hpoi.net/gk/cover/n/2022/11/06d35235019848908ae0d70aacb8e215.jpg?date=1669715402,SD,2003,4576,1575,1/100,3.71,94.5,111.06
MG 机动战士高达独角兽 杰刚D型,https://r.hpoi.net/gk/cover/n/2019/01/a248b4c071cd4921a4f4d97de84461de.jpeg?date=1668565065,MG,2023,4535,4620,1/100,4.25,277.2,187.99
HGGTO 机动战士高达 THE ORIGIN MS-06S 夏亚专用扎古II 赤色彗星Ver.,https://r.hpoi.net/gk/cover/n/2019/01/8e97528e08744fa281ccc984cb2b9e6d.jpg?date=1590401059,HG,2019,4487,1800,1/100,4.57,108,171.38
"PG 1/60 	机动战士高达0083 星尘的回忆? RX-78GP01 高达试作1号机“玉帘”＆ RX-78GP01-Fb 高达试作1号机全方位推进型“玉帘”",https://r.hpoi.net/gk/cover/n/2019/08/f87ba802de9548a19697446d00803504.jpg?date=1589788556,PG,2015,4472,20000,1/60,4.47,1200,1532.84
MG 机动战士高达SEED  正义高达,https://r.hpoi.net/gk/cover/n/2020/05/54adc5c0b9a94a38ae241006dc5d191f.jpeg?date=1678255861,MG,2017,4426,4800,1/100,4.59,288,412.69
1/100 高达巴鲁巴托斯(仮称),https://r.hpoi.net/gk/cover/n/2015/07/24245362905441e2bb4d0b7e16255767.jpg?date=1437561345,TV,2015,4420,2700,1/100,4.1,162,206.54
MG 1/100 机动战士高达SEED 自由高达Ver.2.0 ＆ 基拉?大和,https://r.hpoi.net/gk/cover/n/2020/04/3c020ba84e554838b889b9c97faffa52.jpg?date=1588067420,MG,2017,4413,5700,1/100,4.32,342,543.77
RG 机动战士高达00V战记 GNT-0000/FS 量子型00全刃式 [彩色透明版],https://r.hpoi.net/gk/cover/n/2018/12/3387d7638b4b455986482cf45d39274f.jpg?date=1589266235,RG,2020,4396,3400,1/144,4.38,204,145.67
宇宙战舰大和号2202 爱的战士们 地球联邦仙女座级 DX版,https://r.hpoi.net/gk/cover/n/2018/12/ad6f982ae5ae4a3ba537d8373896b2aa.jpg?date=1544617139,HG,2018,4396,7500,1/100,4.25,450,633
HGUC 1/144 机动战士高达UC RX-0 全装甲独角兽高达,https://r.hpoi.net/gk/cover/n/2015/08/8550320f348a4ba887c4f96c72ef1ae4.jpg?date=1586327646,HG,2015,4381,3200,1/100,4.19,192,156.7
"RG 	机动战士高达SEED ZGMF-X10A 自由高达",https://r.hpoi.net/gk/cover/n/2016/01/afcc32587df6418bb8ccf82bf1522b3b.jpg?date=1588239912,RG,2011,4380,2500,1/100,3.89,150,199.05
NXEDGE STYLE [MS UNIT] 高达巴鲁巴托斯 『机动戦士高达 鉄血的孤儿』,https://r.hpoi.net/gk/cover/n/2015/09/f078b8a0e5b14bda9599872c3ede8479.jpg?date=1441124801,NS,2016,4362,2700,1/100,4.25,162,250.48
MG 1/100 机动战士高达UC 新安州Ver.Ka ,https://r.hpoi.net/gk/cover/n/2015/07/5a7bb5fadb0e4c9e9a129d800954274f.jpg?date=1587020490,MG,2008,4361,7000,1/100,4.46,420,476.52
MG #161 机动战士高达SEED GAT-X303圣盾高达 ,https://r.hpoi.net/gk/cover/n/2020/04/66cee3c324854dc794e41916b5116c41.jpg?date=1588832321,MG,2012,4292,4800,1/100,4.24,288,414.91
MG 1/100 机动战士高达SEED Destiny  ZGMF-X10A 自由高达 电镀版,https://r.hpoi.net/gk/cover/n/2015/07/56dd9de82ac64f299c201d9ec35f0a27.jpg?date=1587105763,MG,2006,4277,8000,1/100,4.43,480,677.5
HG 机动战士高达SEED C.E.73 -观星者- 蔚蓝决斗高达,https://r.hpoi.net/gk/cover/n/2023/02/c82222a8364448a0a91d8266d83b07fe.jpg?date=1675824162,MG,2015,4274,1728,1/144,4.5,103.68,119.24
织田信长?愚者 愚者 神器装着型（织田信长机）,https://r.hpoi.net/gk/cover/n/2015/08/32f81d75be2b4d5f820caf56c91653f7.jpg?date=1439490881,HG,2014,4238,0,1/100,4,0,0
MG 机动战士高达NT MSN-06S 新安洲·原石（Narrative Ver.）,https://r.hpoi.net/gk/cover/n/2019/01/f9d5dda9fcaa4ff395e9001f99bc39fb.jpg?date=1588927964,SD,2019,4198,7500,1/100,4.63,450,597.9
MG 高达前哨战 MSA-0011[Ext] Ex-S高达／MSA-0011 S高达,https://r.hpoi.net/gk/cover/n/2019/01/a9dcd13851f54372b9b67be3cfacf283.jpg?date=1588927978,MG,2019,4192,12000,1/100,4.58,720,1184.09
MG 1/100 机动战士高达：逆袭的夏亚-贝托蒂嘉的子嗣,https://r.hpoi.net/gk/cover/n/2015/07/e35d8c1c49244ee0937c87fc02f6ff99.jpg?date=1607916004,MG,2008,4181,7000,1/100,4.33,420,659.85
BB战士 骑士独角兽高达,https://r.hpoi.net/gk/cover/n/2016/06/0f40287fdc0f4e85ac20c00d1de13d25.jpg?date=1466744915,SD,2015,4169,1080,1/100,4.27,64.8,95.72
HGUC 机动战士高达 第08MS小队 RX-79[G]Ez-8 Ez8高达,https://r.hpoi.net/gk/cover/n/2019/02/96b545a55e3a40abbb109ff565593b14.jpeg?date=1586340226,HG,2013,4161,1600,1/100,4.38,96,146.98
MG 机动战士高达SEED ZGMF-X10A 自由高达,https://r.hpoi.net/gk/cover/n/2015/07/2624abc7482642feb29836fc36ba413c.jpg?date=1648691285,MG,2007,4158,4104,1/100,4.23,246.24,319.64
HGBF 1/144 高达创展TRY XM-X1骷髅高达X1全武装型(高达创战者TRY样式),https://r.hpoi.net/gk/cover/n/2015/07/88958acbaf8d4a849287de9857f350e1.jpg?date=1612406650,HG,2015,4158,2376,1/100,3.67,142.56,118.31
超时空要塞Macross 1/72 ,https://r.hpoi.net/gk/cover/n/2015/08/1ab98779570045c49a0dc8906e6cff08.jpg?date=1439499077,其他,2013,4153,4860,1/100,4.5,291.6,260.8
MG 1/100 机动战士高达UC RGM-96X 杰斯塔,https://r.hpoi.net/gk/cover/n/2015/08/36a0fff466b44db9a7ef647b327c2738.jpg?date=1587377098,MG,2015,4153,4000,1/100,4.53,240,251.15
LMHG EVA初号机 F型装备,https://r.hpoi.net/gk/cover/n/2015/08/6cf73a71dc2d456d8d762de9d1efec9e.jpg?date=1439331616,HG,2015,4149,3240,1/100,4.25,194.4,211.5
MG  机动新世纪高达X DX高达,https://r.hpoi.net/gk/cover/n/2021/03/42377f88f2514f5d9371ceac2eb1ceca.jpeg?date=1673404218,HG,2015,4142,4800,1/100,4.32,288,322.2
HG00#63 1/144 机动战士高达00I CB-001.5 1.5高达,https://r.hpoi.net/gk/cover/n/2021/01/3f7b86b17448431a912f7766fac65130.jpg?date=1609745364,MG,2010,4138,1944,1/144,4.62,116.64,110.86
MG 1/100 MOBILE POD BALL 铁球（Ver.Ka）,https://r.hpoi.net/gk/cover/n/2015/07/12143ff7b3ed438891e1072c6ee46ab3.jpg?date=1436261983,HG,2009,4133,2160,1/100,4.54,129.6,111.01
RG 机动战士高达  MSM-07S 夏亚专用魔蟹,https://r.hpoi.net/gk/cover/n/2021/04/2587645e0d0e4edeb2569e28afc3ee73.jpg?date=1675840972,MG,2014,4117,2500,1/100,4.36,150,204.61
PG 机动战士高达00V战记   00高达七剑/G,https://r.hpoi.net/gk/cover/n/2018/12/4b36571978754d5391593e9d154b3f17.jpg?date=1670312637,RG,2018,4104,23000,1/100,4.38,1380,1647.95
HGUC#099 机动战士高达独角兽(UC)  NZ-666 刹帝利,https://r.hpoi.net/gk/cover/n/2021/04/c04c475017064fe485fc0df4d2250b5a.jpg?date=1619512091,PG,2009,4096,4500,1/100,4.44,270,250.52
HG 1/144 铁血的奥尔芬斯 ASW-G-08 巴巴托斯高达 第六形态,https://r.hpoi.net/gk/cover/n/2017/12/14585d8c23ed47838b720901ca112f74.jpg?date=1606122107,HG,2016,4090,1296,1/144,4.21,77.76,54.96
MG 1/100 机动战士高达UC  MSN-06N 新安州?原石 Ver.Ka,https://r.hpoi.net/gk/cover/n/2015/08/f84b66993c4846eeb2a237c8780e409d.jpg?date=1587377219,HG,2015,4090,7350,1/100,4.5,441,312.43
HG 机动战士高达 铁血的奥尔芬斯 月钢 月钢高达原型机,https://r.hpoi.net/gk/cover/n/2020/11/cf4f4605d6224d11b6c8313aaa87bbe2.jpg?date=1606125968,MG,2016,4078,1512,1/144,4.12,90.72,66.3
"MG 1/100 机动战士高达UC  RX-0 独角兽高达 Ver. Ka, Titanium Finish",https://r.hpoi.net/gk/cover/n/2015/07/b4f72b24418a409399380767eb95742d.jpg?date=1587901488,HG,2009,4065,8000,1/100,4.27,480,656.77
MG  新机动战记高达W 无尽的华尔兹 零式飞翼高达[交叉对比色/ 透明紫],https://r.hpoi.net/gk/cover/n/2023/05/8675d5ae985d4ee4acf30a4b492d456e.png?date=1684725743,MG,2023,4047,0,1/100,3.82,0,0
HGBF 1/144  高达创战者：战斗部落 CF-01 指挥官文奈(星野文奈),https://r.hpoi.net/gk/cover/n/2018/04/d94b0189f9da4ea1913646f36722570d.jpg?date=1611213980,MG,2021,4043,2400,1/144,3.33,144,221.9
SDCS 机动战士高达NT RX-0 独角兽高达3号机 菲尼克斯（毁灭模式）（Narrative Ver.）,https://r.hpoi.net/gk/cover/n/2018/12/218883ddf7474810a4be53ce4d5303f9.jpeg?date=1548610338,HG,2018,4038,1200,1/100,4.14,72,66.73
GUNDAM FIX FIGURATION METAL COMPOSITE RX-0,https://r.hpoi.net/gk/cover/n/2015/07/6e33f9a7511449999807868ffe02d5ad.jpg?date=1552015787,MG,2013,4030,21600,1/100,4.54,1296,1551.27
超时空要塞Macross 1/8000 超时空要塞强攻型,https://r.hpoi.net/gk/cover/n/2015/08/8519b417a73342fb8ef5056114a7ce76.jpg?date=1439499206,PG,2013,4022,756,1/100,4.5,45.36,58.03
KERORO军曹,https://r.hpoi.net/gk/cover/n/2015/08/82f166bab8dd41f7b825671a817b8bb5.jpg?date=1439695804,MG,2009,4019,4860,1/100,3.5,291.6,222.36
RG 机动战士高达UC RX-0 完美独角兽高达（BD限定附属版）,https://r.hpoi.net/gk/cover/n/2019/01/514529ad8b074366917bb9219faab095.jpg?date=1615533129,RG,2019,4016,65000,1/100,4.55,3900,3089.06
HG00#54 1/144 机动战士高达00 第二季 GN-0000 + GNR-010 00强化模组 +GN剑 III,https://r.hpoi.net/gk/cover/n/2020/12/637f5397e76e4b41bab73278f29d947d.jpg?date=1609399117,FRL,2015,4001,2160,1/100,4.5,129.6,100.38
BB,https://r.hpoi.net/gk/cover/n/2015/07/fd6edef1786141d9ae0c087654d3364c.jpg?date=1436247602,FIX,2011,3998,2700,1/100,4.33,162,130.44
HGUC 机动战士Z高达 MSZ-006 Z高达 Wave Shooter,https://r.hpoi.net/gk/cover/n/2018/04/20fc5ae596604919bd7324916a7f9465.jpg?date=1586242585,RG,2017,3988,2160,1/100,3.77,129.6,87.5
RG 高达SEED ASTRAY  MBF-P01-Re2 异端高达金色机“天”蜜娜,https://r.hpoi.net/gk/cover/n/2020/12/f18d49cf72dc435ea20c2eb91ce16218.jpg?date=1607592665,HG,2017,3978,2500,1/100,4.15,150,137.59
MG 机动战士高达SEED 神喻高达,https://r.hpoi.net/gk/cover/n/2023/03/cfedd1baf3564009851c04771ee98f59.jpg?date=1679381304,RG,2017,3977,5400,1/100,4.42,324,343.17
MG 1/100 机动战士高达UC RX-0 全装甲独角兽高达 Var.Ka,https://r.hpoi.net/gk/cover/n/2015/07/76380e4eb22549479d7326f20ce157f5.jpg?date=1608521405,MG,2015,3946,8000,1/100,4.2,480,526.06
RG 1/144 机动战士高达 RX-78-2 高达,https://r.hpoi.net/gk/cover/n/2020/12/607069f2e698450faf441fa864f9c31f.jpg?date=1607594185,MG,2015,3930,2500,1/144,4.08,150,199.11
MG 机动战士高达SEED VSASTRAY 异端高达蓝色机二型R,https://r.hpoi.net/gk/cover/n/2023/07/d3f11ac157e54d3eb06915feee3950be.jpg?date=1689731248,MG,2009,3926,5184,1/100,4.56,311.04,322.16
MG  机动战士高达SEED  迅雷高达,https://r.hpoi.net/gk/cover/n/2022/07/ff3aef1697f7422e87f8f376fae2377d.jpg?date=1657597783,FIX,2012,3919,4000,1/100,4.35,240,362.44
"MG 	机动战士高达UC  MSN-06S 新安州 Anime ver.",https://r.hpoi.net/gk/cover/n/2016/06/d2dfcb956d914578a822b5b5f1c2a3cf.jpg?date=1587452564,HG,2013,3915,7500,1/100,4.29,450,722.46
HG 1/144 机动战士高达 铁血的奥尔芬斯 STH-14s 百里,https://r.hpoi.net/gk/cover/n/2020/11/cdea01dc5e4d40b493853f7595f9a9ab.jpg?date=1605864310,PG,2015,3910,1296,1/144,3.4,77.76,75.6
HGUC 1/144 AMS-129 机动战士高达UC  AMS-129 基拉·祖鲁（安杰洛·梭裴专用机）,https://r.hpoi.net/gk/cover/n/2015/07/e482b647da2046139a0c0f2f34f89788.jpg?date=1586513440,RG,2010,3906,2200,1/100,3.83,132,204.97
MG 新机动战记高达W 无尽的华尔兹  杜鲁基斯,https://r.hpoi.net/gk/cover/n/2023/02/a3a4745080f4491d83aea331b91c3f7a.jpg?date=1675838192,MG,2013,3880,3800,1/100,4,228,283.28
HG00#26 1/144 机动战士高达00 第二季 GN-008 炽天使高达,https://r.hpoi.net/gk/cover/n/2020/12/212fef1391db48baa910e60940378f75.jpg?date=1609385465,MG,2008,3872,1728,1/100,4.67,103.68,152.31
HG 1/144 高达创战者 罗安格凛子太太 大天使号 高达,https://r.hpoi.net/gk/cover/n/2020/12/8ade1f5e1a994763b20583c847f96aa6.jpg?date=1608112428,MG,2018,3856,2700,1/100,4.33,162,186.78
RG 1/144 机动战士高达SEED Destiny ZGMF-X42S 命运高达,https://r.hpoi.net/gk/cover/n/2015/07/76014477173c4d48a3389b298885c0f3.jpg?date=1589188224,HG,2015,3846,2500,1/144,4.08,150,206.32
BB,https://r.hpoi.net/gk/cover/n/2015/07/f18dcf351f2648a2b86648fc6a60d805.jpg?date=1436244769,MG,2003,3841,1620,1/100,4.5,97.2,117.1
NXEDGE STYLE 蓝异端L,https://r.hpoi.net/gk/cover/n/2015/10/858f8a0e45464cf89bea49ce118835bf.jpg?date=1446140432,其他,2016,3812,3240,1/100,4.57,194.4,133.78
HGBF#041 1/10 高达创战者TRY SF-01 超级文奈,https://r.hpoi.net/gk/cover/n/2021/01/13949d7b6c0c43b38a82064f16bcec93.jpg?date=1611294914,其他,2021,3806,1800,1/100,3.5,108,129.74
MG 机动战士高达00 00高达七剑/G,https://r.hpoi.net/gk/cover/n/2015/07/2499c01a8327456cb71cfb00d1f60b2b.jpg?date=1670312560,其他,2011,3801,5500,1/100,4.51,330,445.69
HGCE 1/144 机动战士高达SEED ZGMF-X10A 自由高达 新生版,https://r.hpoi.net/gk/cover/n/2020/05/fd1875efc92d4a2485a6ed18e090ac58.jpeg?date=1609227387,PG,2015,3775,1800,1/100,4.05,108,104.94
MG 机动战士高达：一年战争 高达 动画配色,https://r.hpoi.net/gk/cover/n/2023/05/19bcfdc9e16a47778601bdcf647702ba.jpg?date=1684807430,PG,2015,3766,3200,1/100,4.4,192,189
MG 1/100 强袭自由高达 Extra,https://r.hpoi.net/gk/cover/n/2015/07/32be8b5367264e1b918afeb11b220925.jpg?date=1436341681,MG,2008,3742,"10,800）",1/100,4.43,#VALUE!,#VALUE!
HGM 机动战士高达0083：星尘的回忆 AMX-002 路维·捷露,https://r.hpoi.net/gk/cover/n/2021/04/6c8f847c15bf44798139929a9e9e5af5.jpg?date=1617342606,PG,2021,3731,1200,1/100,4.23,72,111.5
MG 1/100 机动战士高达 战记 U.C. 0081 FA-78-1 全装甲高达,https://r.hpoi.net/gk/cover/n/2015/07/978fab4ca9244d97b480f08ca0343aaa.jpg?date=1587105980,MG,2010,3729,5000,1/100,4.29,300,230.93
PG 机动战士高达00 GN-001能天使高达 Lighting Model ,https://r.hpoi.net/gk/cover/n/2019/08/23f6167996924a55975505c14d821b79.jpg?date=1565928904,RG,2017,3725,32000,1/100,4.85,1920,2235.39
MG  机动战士V高达  V2高达 Ka版,https://r.hpoi.net/gk/cover/n/2020/04/c40a26a42712449f8971578d093c3d7b.jpg?date=1643252780,MG,2015,3710,4500,1/100,4.12,270,392.54
NXEDGE STYLE [MS UNIT] 命运高达 『高达SEED DESTINY』,https://r.hpoi.net/gk/cover/n/2015/07/1bb7390db1c24a79a1235931f548bdb2.jpg?date=1436260231,MG,2015,3703,2700,1/100,4.8,162,145.81
RE/100 机动战士高达 逆袭的夏亚 贝托蒂嘉的子嗣 夜莺,https://r.hpoi.net/gk/cover/n/2015/07/3e6c34b757cc437ca43d91b100853598.jpg?date=1675825285,MG,2014,3702,8640,1/100,3.55,518.4,601.27
"MG 	机动战士高达AGE 高达AGE-2 标准型 特务队样式",https://r.hpoi.net/gk/cover/n/2022/10/03203ed143cb46659fb4beeee2e077c8.jpg?date=1665720017,RG,2023,3693,4620,1/100,4.52,277.2,246.78
HG  机动战士高达AGE 雷吉鲁斯高达,https://r.hpoi.net/gk/cover/n/2020/12/bbc7af4c23e341f2bebfb801a8baa1fa.jpg?date=1643161094,HG,2015,3690,1620,1/144,4.6,97.2,122.69
SDX 騎士高达 烈伝版 （通常ver.） （骑士高达）,https://r.hpoi.net/gk/cover/n/2015/07/2d572a6714404163917ab2e9ede33630.jpg?date=1436341804,RG,2008,3683,5076,1/100,5,304.56,312.83
GUNDAM FIX FIGURATION METAL COMPOSITE,https://r.hpoi.net/gk/cover/n/2015/07/709da401f6174a73be355aa4d7dc52cb.jpg?date=1552015724,RG,2015,3679,21600,1/100,4.65,1296,1164.54
MG 1/100 MSN-04 沙扎比,https://r.hpoi.net/gk/cover/n/2015/07/1a0b011c2ef84ecf918353568448c9ff.jpg?date=1436261816,MG,2000,3669,8640,1/100,4.39,518.4,458.09
HG 1/144 机动战士高达 铁血的奥尔芬斯 ASW-G-08 巴巴托斯高达 ＆ 长距离输送火精灵,https://r.hpoi.net/gk/cover/n/2020/11/d944b88371804ef7ae5a1c84613f8a70.jpg?date=1606120986,RG,2015,3661,5400,1/144,4,324,492.86
RG 漫画版 机动战士高达独角兽(UC)：BANDE DESSINEE RX-0 独角兽高达（Bande Dessinee Ver.）,https://r.hpoi.net/gk/cover/n/2021/04/37adf4b9ade64e5fad95d5a2ca1f72ee.jpg?date=1619677676,TV,2018,3661,4000,1/100,4.79,240,394.34
RG 机动战士高达 MS-06S 夏亚专用扎古,https://r.hpoi.net/gk/cover/n/2019/01/1b1c9cd5eba2495b8e84c08d59ff866d.jpg?date=1589268714,MG,2015,3635,2500,1/144,4.17,150,233.07
MG 1/100 机动战士高达SEED Destiny  ZGMF-X20A 强袭自由高达 Full Burst Mode,https://r.hpoi.net/gk/cover/n/2015/07/a8b7a604d2a440139b4e925ad42ad182.jpg?date=1586936188,RG,2015,3633,7560,1/100,4.42,453.6,607.22
PG 1/60 新机动战记高达W 无尽的华尔兹 XXXG-00W0 飞翼零式高达（EW版）Pearl Mirror Coat Ver.,https://r.hpoi.net/gk/cover/n/2015/07/0bbf2f044b644667b7656b64feb2f7fc.jpg?date=1589787506,RG,2007,3624,30000,1/60,3.55,1800,1488.72
HG00#37 1/144 机动战士高达00 第二季 GN-009 天使长高达,https://r.hpoi.net/gk/cover/n/2020/12/6be4f327e3194f3ba9c443b1a9bc091e.jpg?date=1609397974,MG,2009,3610,1080,1/144,4.57,64.8,83.45
RG  机动战士高达00V战记 能天使高达修复型III,https://r.hpoi.net/gk/cover/n/2019/03/ffbe0ae0fe244a75996de88b8da3584a.jpg?date=1589272971,MG,2019,3609,2800,1/100,4.29,168,192.42
RG 机动战士高达00V战记 00高达七剑/G检察者,https://r.hpoi.net/gk/cover/n/2019/02/a6c1a2b1dfc140dd90c5ca2227c7cd9d.jpg?date=1670313049,MG,2019,3600,3500,1/144,4.35,210,241.07
MG 机动战士高达NT RGM-96Xs 杰斯塔（Shezarr队式样 B＆C班装备）,https://r.hpoi.net/gk/cover/n/2019/01/f75f6dcdec20403d82597b1b45a6260f.jpeg?date=1588929187,MG,2019,3597,4800,1/100,4.55,288,414.65
LMHG 第13使徒巴迪尔,https://r.hpoi.net/gk/cover/n/2015/08/08736bb2274448589e7bb23a4f2693fb.jpg?date=1439331602,HIRM,2015,3587,2700,1/100,3,162,173.08
HGBF 1/144 高达创战者,https://r.hpoi.net/gk/cover/n/2020/12/137b0e5a312542cebe04d7c9fd5a9e8e.jpg?date=1607497999,MG,2015,3586,1944,1/100,4.36,116.64,157.96
RG 机动战士高达SEED ZGMF-X09A 正义高达,https://r.hpoi.net/gk/cover/n/2015/07/2a817862fe9f4efda3cf911e396db2bb.jpg?date=1652925264,MG,2012,3586,2500,1/100,3.97,150,160.74
HG RTX-65 钢坦克初期型,https://r.hpoi.net/gk/cover/n/2015/07/3b665f03ebba4a6eafbad603142e86ee.jpg?date=1453700228,PG,2015,3580,1836,1/144,4.53,110.16,112.62
"HiRM 新机动战记高达W 无尽的华尔兹 	XXXG-00W0 零式飞翼高达",https://r.hpoi.net/gk/cover/n/2017/06/424d666005ff4b0580fbb44536f80d08.jpg?date=1669105828,HG,2017,3578,12960,1/100,4.37,777.6,607.75
MG 1/100 机动战士高达 C.D.A. 年轻彗星的肖像 RX-78-3 G3高达＆FF-X7 核心战机,https://r.hpoi.net/gk/cover/n/2020/04/5ff19b8371c94a4dbdfaabcc72c77779.jpg?date=1587460784,MG,1996,3572,2500,1/100,5,150,205.35
MG 1/100 机动战士高达UC RX-0 独角兽高达2号机 报丧女妖,https://r.hpoi.net/gk/cover/n/2020/04/a78113e0138247548a6481e8d55ff119.jpg?date=1587373058,MG,2012,3572,5500,1/100,4.09,330,270.52
HGUC 机动战士高达UC  RGM-96X 杰斯塔,https://r.hpoi.net/gk/cover/n/2016/01/ba85b2b884a84bca941a04da66f6a71d.jpg?date=1586503180,其他,2011,3563,1600,1/100,4.53,96,70.96
MG 1/100 机动战士高达SEED Destiny ZGMF-X42S 命运高达,https://r.hpoi.net/gk/cover/n/2015/07/774a463d1e034929b886d2c6dc39195e.jpg?date=1587108486,HG,2007,3560,5040,1/100,4.12,302.4,225.73
MG 1/100 RX-78-2 高达 Ver.1.5,https://r.hpoi.net/gk/cover/n/2015/07/4b2ddb7966d34c5c9618f731bcf83883.jpg?date=1594194487,MG,2000,3544,3240,1/100,4.6,194.4,207.63
HGUC 1/144 机动战士高达UC  RX-160S 拜亚兰特装型,https://r.hpoi.net/gk/cover/n/2015/07/721833b9b82b49769274c9a1b7deb3a2.jpg?date=1586418395,HG,2015,3539,2600,1/100,4.72,156,236.01
HG 魔神 Z / Infinity (2018) 魔神Ｚ,https://r.hpoi.net/gk/cover/n/2019/09/2d88cc7987364239bd9e7754516b1652.jpeg?date=1617357809,HG,2018,3536,3500,1/100,4.38,210,291.28
"PG 1/60 	机动战士Z高达  MSZ-006 Z高达",https://r.hpoi.net/gk/cover/n/2015/07/5e52f45b8b4e41f1ac3a8e1e59dbd0a2.jpg?date=1589790393,PG,2015,3519,20000,1/60,4.5,1200,1822.28
MG 1/100 机动战士高达00 GN-001 能天使高达,https://r.hpoi.net/gk/cover/n/2015/07/1d11331e009248c5835bd69333119828.jpg?date=1587021482,MG,2009,3507,3860,1/100,4.32,231.6,302.23
HGCE 机动战士高达 SEED GAT-X105+AQM/E-X01 翔翼型强袭高达,https://r.hpoi.net/gk/cover/n/2015/08/03645c2833284a4ea45972d899e6c405.jpg?date=1637286423,HG,2015,3504,1300,1/144,4.41,78,98.82
HG 1/144 机动战士高达 铁血的奥尔芬斯 第二季 ASW-G-08 巴巴托斯高达 天狼座 帝王形态,https://r.hpoi.net/gk/cover/n/2020/11/ae667c45bb5d4c94a913be56ed24a325.jpg?date=1608485518,HG,2017,3493,1512,1/144,4.12,90.72,98.55
MG 高达创形者 GBWC RB-79PP 多足铁球,https://r.hpoi.net/gk/cover/n/2019/02/ada125f69f464e7ebd3a12e71c368f82.jpg?date=1588833444,MG,2019,3492,3000,1/100,4.5,180,220.98
MG 1/100 MBF-02 嫣红强袭高达,https://r.hpoi.net/gk/cover/n/2015/07/f0266e778a0a43b18730ef4bd3a19be0.jpg?date=1436261978,HG,2004,3485,4320,1/100,4.21,259.2,424.92
HGI-BO 1/144 机动战士高达 铁血的奥尔芬斯 月钢 ASW-G-29 复兴型亚斯塔禄高达,https://r.hpoi.net/gk/cover/n/2020/11/952a00553e8f4b44a166843d3cac3358.jpg?date=1606889907,其他,2017,3485,1944,1/144,3.93,116.64,87.83
LMHG EVA初号机,https://r.hpoi.net/gk/cover/n/2015/08/f3c166c0b2ee4f16b7a76b50a498d126.jpg?date=1439502683,RG,2015,3483,4104,1/100,3.6,246.24,374.35
MG 1/100 机动战士高达 MS-06S 指挥官用型扎古II Ver.2.0,https://r.hpoi.net/gk/cover/n/2015/07/e06695ba40ba4724b8b0769e09d80202.jpg?date=1587024604,HG,2008,3474,3500,1/100,4.7,210,177.86
Super Mini-Pla 勇者王GaoGaiGar 积打王,https://r.hpoi.net/gk/cover/n/2017/08/7137d435052946efb7e7d18fc95d7e6d.jpg?date=1597823811,SD,2017,3468,12000,1/100,5,720,1012.44
HG 1/144 机动战士高达 铁血的奥尔芬斯 STH-05 百炼(阿米达机),https://r.hpoi.net/gk/cover/n/2020/11/1a52463d2d44441ca560b1171cb10c00.jpg?date=1605864024,HG,2015,3462,1296,1/144,3.33,77.76,108.71
HGBF,https://r.hpoi.net/gk/cover/n/2015/07/a35c3c3247fb4803a548b0eb44baa225.jpg?date=1436344461,HG,2015,3458,2592,1/144,4.09,155.52,239.37
EX MODEL EX-34  机动战士高达MS IGLOO 一年战争秘史  斗狼,https://r.hpoi.net/gk/cover/n/2022/08/6c747607507044cb9e6fde3cbff9018d.png?date=1661331830,MG,2023,3455,7480,1/100,4.63,448.8,557.89
HGUC ADVANCE OF Z 提坦斯的旗下 ORX-005 贾普兰TR-5［Hrairoo］,https://r.hpoi.net/gk/cover/n/2019/02/38e2a6f750aa49989ef6bdda3e41f959.jpg?date=1586765996,HG,2019,3428,2400,1/144,4.48,144,132.07
RG 1/144 机动战士Z高达  RX-178 高达Mk-II Titans Ver.,https://r.hpoi.net/gk/cover/n/2015/07/ece4f8a24a7c4c89969cf5391c6a8ebc.jpg?date=1589264857,RG,2012,3426,2500,1/100,4.49,150,164.41
GFFN  机动战士Z高达系列 ZII,https://r.hpoi.net/gk/cover/n/2023/02/dd3f1b4991e2465cad695d98851f3570.jpg?date=1676860398,RG,2009,3421,8424,1/100,4.2,505.44,355
GUNDAM FIX FIGURATION METAL COMPOSITE 精神力高达Mk-II,https://r.hpoi.net/gk/cover/n/2015/07/c833191a34f74b9183def9924805e8f0.jpg?date=1552016080,PG,2013,3414,17280,1/100,4.25,1036.8,813.34
MG 1/100 机动战士高达 MS-06F扎古II ver.2.0,https://r.hpoi.net/gk/cover/n/2015/08/07a9b07712ec4a0a8cb6f9d16be2106f.jpg?date=1587021803,HG,2015,3407,3500,1/100,4.61,210,279.19
MG 1/100 机动战士高达 逆袭的夏亚 RGZ-91 灵格斯,https://r.hpoi.net/gk/cover/n/2015/07/a0a489f192ea4c618692d6c3c34b04da.jpg?date=1587111736,MG,2001,3400,4000,1/100,3.67,240,294.26
1/100 高达SEED DESTINY 妮柯斯,https://r.hpoi.net/gk/cover/n/2015/07/83477cf69297457683a097da243b66b8.jpg?date=1436244936,SD,2009,3399,2700,1/100,4.5,162,111.08
LMHG EVA初号机 破Ver.,https://r.hpoi.net/gk/cover/n/2015/08/464c6c6a8aeb4733a01cb95047679618.jpg?date=1439502922,HG,2015,3381,4104,1/100,4.5,246.24,213.8
HGBF  高达创战者TRY 神木燃焰高达,https://r.hpoi.net/gk/cover/n/2023/07/d607d704755c4a70900950555f004f9b.jpeg?date=1688547850,MG,2023,3371,1980,1/144,4.21,118.8,132.66
RG 1/144 高达创战者 GAT-X105B/FP 全装备型创制强袭高达,https://r.hpoi.net/gk/cover/n/2020/12/a78347fb70d741b482f958067d6ff5e4.jpg?date=1608108680,MG,2016,3370,2700,1/100,3.92,162,179.47
机械选 宇宙战舰大和号2199 No.19 次元潜航舰UX-01,https://r.hpoi.net/gk/cover/n/2015/08/b8fce8b3a54147d19f56a06a41481789.jpg?date=1439492688,FRL,2015,3356,432,1/100,4.5,25.92,26.49
MG 1/100 机动战士高达  RX-78-2 高达Ver.Ka,https://r.hpoi.net/gk/cover/n/2015/07/7851c2c0cc604aa5bf53b79787e42ce1.jpg?date=1586941721,HG,2009,3351,3200,1/100,4.06,192,304.6
HGPG,https://r.hpoi.net/gk/cover/n/2017/03/d186e891e0e843ea95f8b04d83dcd61c.jpg?date=1490284746,RG,2017,3345,972,1/144,4.5,58.32,71.79
"RG 机动战士高达0083 星尘的回忆 	RX-78GP01-Fb 高达试作1号机全方位推进型“玉帘”",https://r.hpoi.net/gk/cover/n/2016/06/8866bb53ea5041559a12d7352f4e81b6.jpg?date=1589186230,RG,2013,3342,2500,1/100,4.4,150,168.36
"HGUC 机动战士高达UC & 机动战士高达UC 0094 Across The Sky,  RGM-89D杰刚D型 Pico Altidore Custom ",https://r.hpoi.net/gk/cover/n/2017/11/1cfd0bceb57c4dd094aa7cd92f163a92.jpg?date=1585817443,MG,2017,3335,1600,1/100,3.33,96,67.69
HG00#68 1/144 剧场版 机动战士高达00：先驱者的觉醒 GN-011 妖天使高达,https://r.hpoi.net/gk/cover/n/2021/01/40a95f87d1884f23be4e7c3fdee1aa20.jpg?date=1609751526,SD,2015,3323,1944,1/144,4.13,116.64,132.23
GUNDAM FIX FIGURATION METAL COMPOSITE ＃1003 精神力高达Mk-II,https://r.hpoi.net/gk/cover/n/2015/07/d9d6ec41c4444ee7b0668615721b54d4.jpg?date=1552016060,MG,2008,3320,14040,1/100,4.2,842.4,1266.44
EVA LMHG EVA初号机 输送台仕様,https://r.hpoi.net/gk/cover/n/2015/08/73b439d4d7e04a01867e5b944c28ba36.jpg?date=1439331603,NS,2015,3311,3780,1/100,3.33,226.8,373.99
HGRC 1/144 高达G之复国运动 YG-111 G-Self高达(完美背包装备型),https://r.hpoi.net/gk/cover/n/2020/12/0e388199ca3a4dad83b49f51cac6f45a.jpg?date=1607418212,HG,2015,3309,2700,1/100,4.28,162,196.66
1/100 机动战士高达 铁血的奥尔芬斯 系列#05 ASW-G-08 巴巴托斯 第六形态,https://r.hpoi.net/gk/cover/n/2020/08/0f9e26e855414bf7ac88dcca2dc9f6f9.jpeg?date=1597044489,TV,2016,3305,3240,1/100,4.67,194.4,162.41
HGUC 机动战士高达NT RX-9/A NT高达 A装备,https://r.hpoi.net/gk/cover/n/2018/12/eda3160a303f4c5a8d372d2dc157c496.jpg?date=1689332332,HG,2018,3302,5500,1/100,4.27,330,454.83
MG 1/100 机动战士高达UC  RGZ-95 里歇尔（一般機） ,https://r.hpoi.net/gk/cover/n/2015/07/2d9a580183d940fca3aa88b2325408e5.jpg?date=1587104703,MG,2010,3298,4800,1/100,4.44,288,311.58
1/350 宇宙战舰大和号,https://r.hpoi.net/gk/cover/n/2015/08/61c01dd2714648729d487a845ece4d7a.jpg?date=1439334108,PG,2015,3295,48600,1/100,4.5,2916,2123.33
HGGTO 1/144机动战士高达 THE ORIGIN MS-06R-1A 高机动型扎古II 改良型 (盖亚/马休専用機),https://r.hpoi.net/gk/cover/n/2015/07/9a3793a2ab3342c59e87207d662cc9ff.jpg?date=1590396401,HG,2015,3289,2000,1/100,4.38,120,126.27
HGAGE#35  机动战士高达AGE AGE-1G 高达AGE-1全古兰沙型,https://r.hpoi.net/gk/cover/n/2020/12/b9bc0076cb7e433d89a6341616bd5e05.jpg?date=1630893695,HG,2015,3287,1728,1/144,4.73,103.68,86.32
HGGTO 机动战士高达 THE ORIGIN MS-06C-6/R6 扎古II,https://r.hpoi.net/gk/cover/n/2020/05/465f39dc838d4d468c40f1e74d0da716.jpeg?date=1590401016,HG,2019,3283,1800,1/100,4.42,108,116.06
Mega Size 1/48 机动战士高达UC RX-0 独角兽高达 Ver. TWC,https://r.hpoi.net/gk/cover/n/2017/06/9218520b8ec3433a9ae58e5d31f30458.jpg?date=1596175220,PG,2020,3281,11000,1/48,4.31,660,458.81
HGBF 1/144 高达创战者：战斗部落 力奇强子(佐崎薰子),https://r.hpoi.net/gk/cover/n/2018/04/e58d57e05b9e4ef789fa7baf3084b20a.jpg?date=1611213959,HG,2021,3275,2500,1/144,3.25,150,183.42
BB,https://r.hpoi.net/gk/cover/n/2015/07/b0391c6ba5de4d58add18dd892195483.jpg?date=1436247766,SD,2011,3274,3780,1/100,4.83,226.8,259.54
HGUC 机动战士高达0080 口袋里的战争 MSM-07E 实验型魔蟹,https://r.hpoi.net/gk/cover/n/2020/04/a9e2109408d14094b00586d7f6e4afda.jpg?date=1624584140,HG,2015,3271,1200,1/144,4,72,65.78
HG00#15 1/144 机动战士高达00 GN-004 双灵高达,https://r.hpoi.net/gk/cover/n/2020/12/990ac9d1f5854f10a3d941cd8aa9903c.jpg?date=1609316721,HG,2008,3265,1296,1/144,4,77.76,121.65
MG #141 机动战士高达UC RGZ-95C里歇尔队长机 ,https://r.hpoi.net/gk/cover/n/2020/04/f8c45957e35048ae8de9e36b898322df.jpg?date=1587108161,MG,2011,3264,5000,1/100,4.31,300,468.92
MG 机动战士高达独角兽 独角兽高达2号机 报丧女妖·命运女神,https://r.hpoi.net/gk/cover/n/2020/04/3789bd6ccdbd481e8f7ab0c4a06ad490.jpg?date=1668566961,MG,2023,3258,6600,1/100,4.46,396,379.95
RG MSV MS-06R-1A 黑色三连星专用扎古II,https://r.hpoi.net/gk/cover/n/2021/04/bdb689998ef44a51a6d189b3ce6159de.jpg?date=1619408716,RG,2021,3254,3300,1/144,4.17,198,169.03
Figure-rise Standard 机动奥特曼 奥特装甲7.5版本/奥特赛文装甲7.5,https://r.hpoi.net/gk/cover/n/2019/01/b5951bc817a64291945cb2c98a39f501.jpeg?date=1611038903,FSL,2019,3245,4500,1/100,4,270,350.99
大胶魂 EVA初号机,https://r.hpoi.net/gk/cover/n/2015/08/6e430683478d49718a839505b13a221b.jpg?date=1439693484,其他,2007,3219,2100,1/100,4,126,90.77
MG 1/100 RX-77-2 钢加农,https://r.hpoi.net/gk/cover/n/2015/07/6516b326b472431e983c14cc0e5ac8f6.jpg?date=1587368015,MG,2015,3199,3000,1/100,4.64,180,136.94
MG 机动战士高达UC RGM-96X 杰斯塔加农,https://r.hpoi.net/gk/cover/n/2019/01/191c0f6e58984e4196c1cededf380a39.jpeg?date=1587966763,MG,2019,3199,5000,1/100,4.68,300,384.2
HGBF 1/144 高达创战者 TRY 岛上热战 MSZ-008X2 ZZII,https://r.hpoi.net/gk/cover/n/2020/12/18f97593f3e44c40952b32d93e0257bd.jpg?date=1607658647,HG,2016,3188,2808,1/144,4,168.48,190.34
机动战舰抚子号,https://r.hpoi.net/gk/cover/n/2015/08/4f3198167d904a87a9cb49b2b58f6b23.jpg?date=1439497611,其他,2013,3187,0,1/48,4.5,0,0
MG 机动战士高达 第08MS小队  RX-79G 陆战型高达,https://r.hpoi.net/gk/cover/n/2015/07/37039c3c06174f8e8e2a1ce5853b47e0.jpg?date=1658114470,MG,2000,3185,3000,1/100,4.31,180,240.78
HGBF 1/144 高达创战者：战斗部落  CB-9696G/C/T 逆生高达,https://r.hpoi.net/gk/cover/n/2021/01/72f138dd72d644439aed28566ad2fe54.jpg?date=1611285400,HG,2021,3184,1800,1/100,4.5,108,101.94
MG #152 机动战士高达SEED GAT-X102 决斗高达 Assault Shroud,https://r.hpoi.net/gk/cover/n/2020/10/61b90ff674d34234b2792943d8e8fdf3.jpg?date=1602728927,MG,2012,3180,4000,1/100,4.45,240,183.71
MG  新机动战记高达W XXXG-01W 飞翼高达(Ver.Ka),https://r.hpoi.net/gk/cover/n/2021/04/0a5252c6a54e4c37aa4a7c73216260f0.jpg?date=1619664141,MG,2004,3177,3500,1/100,4.18,210,290.26
Vehicle Model (015) 星球大战V：帝国反击战 千年隼号,https://r.hpoi.net/gk/cover/n/2019/01/2b3680ceb9724845bf7b7682b2ab76ba.jpg?date=1550927807,其他,2019,3176,600,1/100,4.78,36,52.78
MG 机动战士高达00V GN-001/hs-A01D 雪崩型能天使高达 突进式 & GN-001/hs-A01 雪崩型能天使高达 ,https://r.hpoi.net/gk/cover/n/2020/05/9a5aec2bde0240458acbd37e57d9c537.jpg?date=1588833275,MG,2018,3174,6700,1/100,4.57,402,659.23
MG 1/100 机动战士高达SEED C.E.73 观星者 GAT-X105E+AQM/E-X09S 漆黑强袭高达,https://r.hpoi.net/gk/cover/n/2015/07/b2f087b2f22c48efbd9975aee2d7be48.jpg?date=1586935729,MG,2007,3170,4860,1/100,4.33,291.6,380.94
RG MSV MS-06R-1A 黑色三连星专用扎古II 3机套装,https://r.hpoi.net/gk/cover/n/2021/04/b4c33c8f26254484b888d662c6013ec3.jpg?date=1619408418,RG,2021,3150,9900,1/144,4.5,594,504.7
MG 1/100 高达创战者 GAT-X105B/FP 全装备型创制强袭高达,https://r.hpoi.net/gk/cover/n/2020/12/f7d27f44c1574399a37dffb51c5c9012.jpg?date=1607938347,MG,2015,3145,4200,1/100,4.67,252,345.86
HGUC 机动战士高达战记  伊夫里特 夜战型,https://r.hpoi.net/gk/cover/n/2020/04/2d3d629c4a63453caccbfcf24eeaeadb.jpg?date=1646012860,HG,2022,3133,2530,1/144,4.57,151.8,248.72
RG#03 机动战士高达SEED GAT-X105+AQM/E-X01 翔翼型强袭高达,https://r.hpoi.net/gk/cover/n/2015/07/521734b4ddc946eca34d9ec38a2f396d.jpg?date=1619684875,RG,2011,3132,2500,1/100,4.05,150,100.26
MG 机动战士高达0080：口袋里的战争 RGM-79GS GM Command Space Type,https://r.hpoi.net/gk/cover/n/2018/04/8c22a9cdb5114f83a07ac9de6e124707.jpg?date=1588237709,MG,2017,3132,3500,1/100,4.5,210,206.78
MG 1/100 高达无双2 武者高达MK-2,https://r.hpoi.net/gk/cover/n/2015/07/16b2a227dcf842f3b1b93e17739434f7.jpg?date=1587029729,MG,2010,3131,6000,1/100,4.57,360,576.89
NXEDGE STYLE [MS UNIT],https://r.hpoi.net/gk/cover/n/2015/09/b6f679896f6b423890c4a35cf2b2d6ed.jpg?date=1441124810,NS,2016,3131,2700,1/100,4,162,196.45
HG 1/144 高达AGE-FX,https://r.hpoi.net/gk/cover/n/2015/07/d3ea84fc0947497b98d25ff886bb7e79.jpg?date=1436249903,HG,2015,3126,1728,1/144,4.21,103.68,71.41
RG#04 机动战士高达 MS-06F 量产型 扎古II,https://r.hpoi.net/gk/cover/n/2021/04/469dfd9e55b04a94a0ed4ddcb62a20ff.jpg?date=1619668742,RG,2015,3124,2500,1/144,4.25,150,223
BB,https://r.hpoi.net/gk/cover/n/2016/07/3e90fe0f9c7c4838b06daceb0569c2ed.jpg?date=1469173299,SD,2011,3122,1080,1/100,4.43,64.8,50.48
MG 1/100,https://r.hpoi.net/gk/cover/n/2015/07/bd1081d92e9a4fe8bbd18246629f5164.jpg?date=1436261980,MG,2009,3115,4104,1/100,4.31,246.24,409.22
HGUC 机动战士高达战记 U.C. 0081 FA-78-3 全装甲高达7号机,https://r.hpoi.net/gk/cover/n/2015/07/ec552df5aa104d40bf3edc03a35ec12a.jpg?date=1586516403,HG,2015,3112,1500,1/144,4.56,90,86.33
NXEDGE STYLE [MS UNIT] 强袭自由高达,https://r.hpoi.net/gk/cover/n/2015/07/f595fc5c3cbf4f20a5bd55d4e6fa59f3.jpg?date=1436260115,NS,2014,3109,2700,1/100,4,162,233.13
SDX,https://r.hpoi.net/gk/cover/n/2015/07/4d5503a2d2484daaa470aa6e4737c9f7.jpg?date=1436246772,HG,2010,3109,3780,1/100,4.4,226.8,161.47
HGIBO 机动战士高达 铁血的奥尔芬斯 UGY-R41 曼·罗迪,https://r.hpoi.net/gk/cover/n/2020/11/4e4c34e02e0541d4af10e4175c74ec89.jpg?date=1605865784,HG,2015,3106,1080,1/144,3.67,64.8,54.22
MG 1/100 机动战士高达ZZ  FA-010S 全装甲ZZ高达,https://r.hpoi.net/gk/cover/n/2015/07/e26721217db747909731d6b092d11583.jpg?date=1587027094,MG,2020,3098,6000,1/100,3.5,360,573.47
"HGUC 1/144 	机动战士Z高达 NRX-044 亚希玛",https://r.hpoi.net/gk/cover/n/2020/04/91d428e635494343a05b66ee76ee6476.jpg?date=1586769311,HG,2005,3096,2000,1/100,4.6,120,89.62
NXEDGE STYLE [MS UNIT],https://r.hpoi.net/gk/cover/n/2015/07/01b7ac909f8a42b0a958cabc4189aba7.jpg?date=1436260689,NS,2015,3096,3780,1/100,4.44,226.8,279.18
"HGUC  	机动战士高达独角兽 第七章  玫瑰祖鲁",https://r.hpoi.net/gk/cover/n/2015/07/8da6f072b8574b30991c1dea404be5f7.jpg?date=1669082072,HG,2014,3089,2800,1/100,3.67,168,169.93
HG 1/144  EB-05s 机动战士高达 铁血的奥尔芬斯 施瓦尔贝·格雷兹（麦克吉利斯专用机）,https://r.hpoi.net/gk/cover/n/2020/11/69a0699ed96e4d5c91f040a5c1684389.jpg?date=1606190294,HG,2015,3087,1080,1/144,3.33,64.8,81.52
高达F91 1/100 钢坦克R-44,https://r.hpoi.net/gk/cover/n/2015/07/9ffbc21904ce4bcc8f0d281e5cf17632.jpg?date=1436262346,TV,2013,3086,648,1/100,4.5,38.88,64.5
HG 机动战士月高达 月高达,https://r.hpoi.net/gk/cover/n/2021/12/5a59f4b7aece426489a8d1649cfc1b6a.png?date=1690268343,HG,2018,3085,3000,1/100,4.54,180,223.03
HGUC 1/144 机动战士高达 RX-78-2 高达 Revive ver.,https://r.hpoi.net/gk/cover/n/2015/07/576034dc15dc4f549aebcb81d2e748fb.jpg?date=1586242308,HG,2015,3084,1000,1/100,4.4,60,52.17
MG 机动战士高达F91 F91 高达F91 Ver.2.0,https://r.hpoi.net/gk/cover/n/2020/05/72759df031af44a0be4a21b12552295a.jpg?date=1606988420,MG,2018,3077,4000,1/100,4.44,240,175.14
HG 1/144 强袭自由高达,https://r.hpoi.net/gk/cover/n/2015/07/1522d21f82cd4f64a0c7f900b8f7c297.jpg?date=1586330357,MGHG,2015,3064,1728,1/144,4.35,103.68,73.41
"MG 	机动战士高达 逆袭的夏亚MSV   灵格斯特装型",https://r.hpoi.net/gk/cover/n/2020/05/fb450c511beb457484c9905920fb1f45.jpg?date=1653530014,MG,2023,3041,6050,1/100,4.45,363,459.87
HGUC 机动战士高达0083 星尘的回忆  RGM-79N 吉姆改特装型,https://r.hpoi.net/gk/cover/n/2015/07/eec202fc0577416797cd230bc9732263.jpg?date=1586418541,HG,2011,3031,1300,1/100,4.33,78,75.91
S.H.Figuarts 假面骑士555 假面骑士555 20假面骑士踢/平成二十骑士纪念版,https://r.hpoi.net/gk/cover/n/2021/02/83b1a557970d40f98c7c9929ace37842.jpeg?date=1638762921,SRL,2018,3028,5000,1/100,4.36,300,294.77
HGBF 1/144 高达创战者 TRY 岛上热战 GNT-0000SHIA 西亚量子型00高达,https://r.hpoi.net/gk/cover/n/2020/12/c9634bb1f2524bd193591d915e0847e6.jpg?date=1607657321,HG,2016,3012,1728,1/144,4.5,103.68,76.05
